TestClass,RefactoredMethod
jacoco_org_jgrapht_generate_WattsStrogatzGraphGeneratorTest,org.jgrapht.alg.matching.blossom.v5.BlossomVState.<init>
jacoco_org_jgrapht_alg_util_FixedSizeIntegerQueueTest,org.jgrapht.alg.matching.blossom.v5.BlossomVState.<init>
jacoco_org_jgrapht_alg_flow_GusfieldEquivalentFlowTreeTest,org.jgrapht.alg.matching.blossom.v5.BlossomVState.<init>
jacoco_org_jgrapht_alg_clique_AllVariantsBronKerboschCliqueFinderTest,org.jgrapht.alg.matching.blossom.v5.BlossomVState.<init>
jacoco_org_jgrapht_alg_cycle_HawickJamesSimpleCyclesTest,org.jgrapht.alg.matching.blossom.v5.BlossomVState.<init>
jacoco_org_jgrapht_alg_shortestpath_BhandariKDisjointShortestPathsTest,org.jgrapht.alg.matching.blossom.v5.BlossomVState.<init>
jacoco_org_jgrapht_graph_WeightedGraphAsWeightedGraphTest,org.jgrapht.alg.matching.blossom.v5.BlossomVState.<init>
jacoco_org_jgrapht_alg_spanning_GreedyMultiplicativeSpannerTest,org.jgrapht.alg.matching.blossom.v5.BlossomVState.<init>
jacoco_org_jgrapht_alg_cycle_ChinesePostmanTest,org.jgrapht.alg.matching.blossom.v5.BlossomVState.<init>
jacoco_org_jgrapht_alg_shortestpath_BidirectionalAStarShortestPathTest,org.jgrapht.alg.matching.blossom.v5.BlossomVState.<init>
jacoco_org_jgrapht_alg_cycle_WeakChordalityInspectorTest,org.jgrapht.alg.matching.blossom.v5.BlossomVState.<init>
jacoco_org_jgrapht_alg_vertexcover_RecursiveExactVCImplTest,org.jgrapht.alg.matching.blossom.v5.BlossomVState.<init>
jacoco_org_jgrapht_alg_color_ColorRefinementAlgorithmTest,org.jgrapht.alg.matching.blossom.v5.BlossomVState.<init>
jacoco_org_jgrapht_graph_SimpleDirectedGraphTest,org.jgrapht.alg.matching.blossom.v5.BlossomVState.<init>
jacoco_org_jgrapht_alg_vertexcover_ClarksonTwoApproxVCImplTest,org.jgrapht.alg.matching.blossom.v5.BlossomVState.<init>
jacoco_org_jgrapht_alg_color_BrownBacktrackColoringTest,org.jgrapht.alg.matching.blossom.v5.BlossomVState.<init>
jacoco_org_jgrapht_alg_tour_TwoApproxMetricTSPTest,org.jgrapht.alg.matching.blossom.v5.BlossomVState.<init>
jacoco_org_jgrapht_alg_color_RandomGreedyColoring2Test,org.jgrapht.alg.matching.blossom.v5.BlossomVState.<init>
jacoco_org_jgrapht_alg_shortestpath_AllDirectedPathsTest,org.jgrapht.alg.matching.blossom.v5.BlossomVState.<init>
jacoco_org_jgrapht_alg_TransitiveReductionTest,org.jgrapht.alg.matching.blossom.v5.BlossomVState.<init>
jacoco_org_jgrapht_graph_AsUnweightedGraphTest,org.jgrapht.alg.matching.blossom.v5.BlossomVState.<init>
jacoco_org_jgrapht_generate_GnpRandomGraphGeneratorTest,org.jgrapht.alg.matching.blossom.v5.BlossomVState.<init>
jacoco_org_jgrapht_generate_GraphGeneratorTest,org.jgrapht.alg.matching.blossom.v5.BlossomVState.<init>
jacoco_org_jgrapht_alg_matching_PathGrowingWeightedMatchingTest,org.jgrapht.alg.matching.blossom.v5.BlossomVState.<init>
jacoco_org_jgrapht_generate_NamedGraphGeneratorTest,org.jgrapht.alg.matching.blossom.v5.BlossomVState.<init>
jacoco_org_jgrapht_alg_shortestpath_GraphMeasurerTest,org.jgrapht.alg.matching.blossom.v5.BlossomVState.<init>
jacoco_org_jgrapht_alg_shortestpath_EppsteinKShortestPathTest,org.jgrapht.alg.matching.blossom.v5.BlossomVState.<init>
jacoco_org_jgrapht_alg_shortestpath_AStarShortestPathTest,org.jgrapht.alg.matching.blossom.v5.BlossomVState.<init>
jacoco_org_jgrapht_alg_cycle_HierholzerEulerianCycleTest,org.jgrapht.alg.matching.blossom.v5.BlossomVState.<init>
jacoco_org_jgrapht_alg_isomorphism_AHUUnrootedTreeIsomorphismInspectorTest,org.jgrapht.alg.matching.blossom.v5.BlossomVState.<init>
jacoco_org_jgrapht_alg_shortestpath_DeltaSteppingShortestPathTest,org.jgrapht.alg.matching.blossom.v5.BlossomVState.<init>
jacoco_org_jgrapht_alg_drawing_FRQuadTreeTest,org.jgrapht.alg.matching.blossom.v5.BlossomVState.<init>
jacoco_org_jgrapht_alg_shortestpath_ContractionHierarchyBidirectionalDijkstraTest,org.jgrapht.alg.matching.blossom.v5.BlossomVState.<init>
jacoco_org_jgrapht_alg_matching_MaximumWeightBipartiteMatchingTest,org.jgrapht.alg.matching.blossom.v5.BlossomVState.<init>
jacoco_org_jgrapht_graph_AsSubgraphTest,org.jgrapht.alg.matching.blossom.v5.BlossomVState.<init>
jacoco_org_jgrapht_alg_flow_PushRelabelMFImplTest,org.jgrapht.alg.matching.blossom.v5.BlossomVState.<init>
jacoco_org_jgrapht_alg_scoring_ClusteringCoefficientTest,org.jgrapht.alg.matching.blossom.v5.BlossomVState.<init>
jacoco_org_jgrapht_alg_vertexcover_BarYehudaEvenTwoApproxVCImplTest,org.jgrapht.alg.matching.blossom.v5.BlossomVState.<init>
jacoco_org_jgrapht_alg_isomorphism_ColorRefinementIsomorphismInspectorTest,org.jgrapht.alg.matching.blossom.v5.BlossomVState.<init>
jacoco_org_jgrapht_generate_BarabasiAlbertGraphGeneratorTest,org.jgrapht.alg.matching.blossom.v5.BlossomVState.<init>
jacoco_org_jgrapht_alg_flow_EdmondsKarpMFImplTest,org.jgrapht.alg.matching.blossom.v5.BlossomVState.<init>
jacoco_org_jgrapht_alg_util_VertexDegreeComparatorTest,org.jgrapht.alg.matching.blossom.v5.BlossomVState.<init>
jacoco_org_jgrapht_alg_shortestpath_BFSShortestPathTest,org.jgrapht.alg.matching.blossom.v5.BlossomVState.<init>
jacoco_org_jgrapht_alg_cycle_QueueBFSFundamentalCycleBasisTest,org.jgrapht.alg.matching.blossom.v5.BlossomVState.<init>
jacoco_org_jgrapht_interfaces_AStarAdmissibleHeuristicTest,org.jgrapht.alg.matching.blossom.v5.BlossomVState.<init>
jacoco_org_jgrapht_alg_isomorphism_VF2SubgraphIsomorphismInspectorTest,org.jgrapht.alg.matching.blossom.v5.BlossomVState.<init>
jacoco_org_jgrapht_alg_drawing_model_PointsTest,org.jgrapht.alg.matching.blossom.v5.BlossomVState.<init>
jacoco_org_jgrapht_alg_cycle_JohnsonSimpleCyclesTest,org.jgrapht.alg.matching.blossom.v5.BlossomVState.<init>
jacoco_org_jgrapht_alg_connectivity_BiconnectivityInspectorTest,org.jgrapht.alg.matching.blossom.v5.BlossomVState.<init>
jacoco_org_jgrapht_graph_builder_GraphTypeBuilderTest,org.jgrapht.alg.matching.blossom.v5.BlossomVState.<init>
jacoco_org_jgrapht_alg_cycle_BergeGraphInspectorTest,org.jgrapht.alg.matching.blossom.v5.BlossomVState.<init>
jacoco_org_jgrapht_alg_tour_PalmerHamiltonianCycleTest,org.jgrapht.alg.matching.blossom.v5.BlossomVState.<init>
jacoco_org_jgrapht_alg_shortestpath_DefaultManyToManyShortestPathsTest,org.jgrapht.alg.matching.blossom.v5.BlossomVState.<init>
jacoco_org_jgrapht_alg_matching_KuhnMunkresMinimalWeightBipartitePerfectMatchingTest,org.jgrapht.alg.matching.blossom.v5.BlossomVState.<init>
jacoco_org_jgrapht_alg_color_SaturationDegreeColoringTest,org.jgrapht.alg.matching.blossom.v5.BlossomVState.<init>
jacoco_org_jgrapht_alg_shortestpath_SuurballeKDisjointShortestPathsTest,org.jgrapht.alg.matching.blossom.v5.BlossomVState.<init>
jacoco_org_jgrapht_alg_cycle_CyclesTest,org.jgrapht.alg.matching.blossom.v5.BlossomVState.<init>
jacoco_org_jgrapht_alg_matching_blossom_v5_BlossomVNodeTest,org.jgrapht.alg.matching.blossom.v5.BlossomVState.<init>
jacoco_org_jgrapht_alg_lca_BinaryLiftingLCAFinderTest,org.jgrapht.alg.matching.blossom.v5.BlossomVState.<init>
jacoco_org_jgrapht_alg_util_UnionFindTest,org.jgrapht.alg.matching.blossom.v5.BlossomVState.<init>
jacoco_org_jgrapht_alg_flow_EdmondsKarpMinimumSTCutTest,org.jgrapht.alg.matching.blossom.v5.BlossomVState.<init>
jacoco_org_jgrapht_alg_shortestpath_JohnsonShortestPathsTest,org.jgrapht.alg.matching.blossom.v5.BlossomVState.<init>
jacoco_org_jgrapht_generate_BarabasiAlbertForestGeneratorTest,org.jgrapht.alg.matching.blossom.v5.BlossomVState.<init>
jacoco_org_jgrapht_alg_matching_blossom_v5_BlossomVTreeEdgeTest,org.jgrapht.alg.matching.blossom.v5.BlossomVState.<init>
jacoco_org_jgrapht_alg_tour_NearestNeighborHeuristicTSPTest,org.jgrapht.alg.matching.blossom.v5.BlossomVState.<init>
jacoco_org_jgrapht_generate_PlantedPartitionGraphGeneratorTest,org.jgrapht.alg.matching.blossom.v5.BlossomVState.<init>
jacoco_org_jgrapht_alg_drawing_model_MapLayoutModel2DTest,org.jgrapht.alg.matching.blossom.v5.BlossomVState.<init>
jacoco_org_jgrapht_alg_flow_GusfieldGomoryHuCutTreeTest,org.jgrapht.alg.matching.blossom.v5.BlossomVState.<init>
jacoco_org_jgrapht_generate_GnpRandomBipartiteGraphGeneratorTest,org.jgrapht.alg.matching.blossom.v5.BlossomVState.<init>
jacoco_org_jgrapht_alg_connectivity_StrongConnectivityAlgorithmTest,org.jgrapht.alg.matching.blossom.v5.BlossomVState.<init>
jacoco_org_jgrapht_alg_independentset_ChordalGraphIndependentSetFinderTest,org.jgrapht.alg.matching.blossom.v5.BlossomVState.<init>
jacoco_org_jgrapht_alg_drawing_CircularLayoutAlgorithm2DTest,org.jgrapht.alg.matching.blossom.v5.BlossomVState.<init>
jacoco_org_jgrapht_alg_clique_DegeneracyBronKerboschCliqueFinderTest,org.jgrapht.alg.matching.blossom.v5.BlossomVState.<init>
jacoco_org_jgrapht_alg_decomposition_HeavyPathDecompositionTest,org.jgrapht.alg.matching.blossom.v5.BlossomVState.<init>
jacoco_org_jgrapht_alg_color_RandomGreedyColoringTest,org.jgrapht.alg.matching.blossom.v5.BlossomVState.<init>
jacoco_org_jgrapht_generate_PruferTreeGeneratorTest,org.jgrapht.alg.matching.blossom.v5.BlossomVState.<init>
jacoco_org_jgrapht_graph_GraphWalkTest,org.jgrapht.alg.matching.blossom.v5.BlossomVState.<init>
jacoco_org_jgrapht_alg_vertexcover_GreedyVCImplTest,org.jgrapht.alg.matching.blossom.v5.BlossomVState.<init>
jacoco_org_jgrapht_alg_drawing_model_Box2DTest,org.jgrapht.alg.matching.blossom.v5.BlossomVState.<init>
jacoco_org_jgrapht_alg_color_SmallestDegreeLastColoringTest,org.jgrapht.alg.matching.blossom.v5.BlossomVState.<init>
jacoco_org_jgrapht_alg_drawing_model_BoxesTest,org.jgrapht.alg.matching.blossom.v5.BlossomVState.<init>
jacoco_org_jgrapht_graph_CloneTest,org.jgrapht.alg.matching.blossom.v5.BlossomVState.<init>
jacoco_org_jgrapht_alg_isomorphism_GraphOrderingTest,org.jgrapht.alg.matching.blossom.v5.BlossomVState.<init>
jacoco_org_jgrapht_alg_clique_PivotBronKerboschCliqueFinderTest,org.jgrapht.alg.matching.blossom.v5.BlossomVState.<init>
jacoco_org_jgrapht_alg_shortestpath_YenKShortestPathTest,org.jgrapht.alg.matching.blossom.v5.BlossomVState.<init>
jacoco_org_jgrapht_alg_util_AliasMethodSamplerTest,org.jgrapht.alg.matching.blossom.v5.BlossomVState.<init>
jacoco_org_jgrapht_alg_flow_mincost_CapacityScalingMinimumCostFlowTest,org.jgrapht.alg.matching.blossom.v5.BlossomVState.<init>
jacoco_org_jgrapht_alg_shortestpath_KShortestPathCostTest,org.jgrapht.alg.matching.blossom.v5.BlossomVState.<init>
jacoco_org_jgrapht_alg_drawing_RandomLayoutAlgorithm2DTest,org.jgrapht.alg.matching.blossom.v5.BlossomVState.<init>
jacoco_org_jgrapht_generate_GnmRandomGraphGeneratorTest,org.jgrapht.alg.matching.blossom.v5.BlossomVState.<init>
jacoco_org_jgrapht_graph_AsGraphUnionTest,org.jgrapht.alg.matching.blossom.v5.BlossomVState.<init>
jacoco_org_jgrapht_alg_shortestpath_EppsteinShortestPathIteratorTest,org.jgrapht.alg.matching.blossom.v5.BlossomVState.<init>
jacoco_org_jgrapht_alg_drawing_FRLayoutAlgorithm2DTest,org.jgrapht.alg.matching.blossom.v5.BlossomVState.<init>
jacoco_org_jgrapht_graph_SimpleIdentityDirectedGraphTest,org.jgrapht.alg.matching.blossom.v5.BlossomVState.<init>
jacoco_org_jgrapht_alg_matching_GreedyMaximumCardinalityMatchingTest,org.jgrapht.alg.matching.blossom.v5.BlossomVState.<init>
jacoco_org_jgrapht_alg_flow_DinicMFImplTest,org.jgrapht.alg.matching.blossom.v5.BlossomVState.<init>
jacoco_org_jgrapht_alg_color_GreedyColoringTest,org.jgrapht.alg.matching.blossom.v5.BlossomVState.<init>
jacoco_org_jgrapht_alg_matching_blossom_v5_KolmogorovWeightedMatchingTest,org.jgrapht.alg.matching.blossom.v5.BlossomVState.<init>
jacoco_org_jgrapht_alg_spanning_BoruvkaMinimumSpanningTreeTest,org.jgrapht.alg.matching.blossom.v5.BlossomVState.<init>
jacoco_org_jgrapht_alg_isomorphism_AHURootedTreeIsomorphismInspectorTest,org.jgrapht.alg.matching.blossom.v5.BlossomVState.<init>
jacoco_org_jgrapht_alg_matching_blossom_v5_BlossomVTreeTest,org.jgrapht.alg.matching.blossom.v5.BlossomVState.<init>
jacoco_org_jgrapht_alg_matching_blossom_v5_BlossomVDualUpdaterTest,org.jgrapht.alg.matching.blossom.v5.BlossomVState.<init>
jacoco_org_jgrapht_alg_clique_CliqueMinimalSeparatorDecompositionTest,org.jgrapht.alg.matching.blossom.v5.BlossomVState.<init>
jacoco_org_jgrapht_alg_flow_PushRelabelMinimumSTCutTest,org.jgrapht.alg.matching.blossom.v5.BlossomVState.<init>
jacoco_org_jgrapht_generate_GnmRandomBipartiteGraphGeneratorTest,org.jgrapht.alg.matching.blossom.v5.BlossomVState.<init>
jacoco_org_jgrapht_alg_util_NeighborCacheTest,org.jgrapht.alg.matching.blossom.v5.BlossomVState.<init>
jacoco_org_jgrapht_alg_lca_HeavyPathLCAFinderTest,org.jgrapht.alg.matching.blossom.v5.BlossomVState.<init>
jacoco_org_jgrapht_alg_shortestpath_KSPDiscardsValidPathsTest,org.jgrapht.alg.matching.blossom.v5.BlossomVState.<init>
jacoco_org_jgrapht_alg_matching_blossom_v5_KolmogorovWeightedPerfectMatchingTest,org.jgrapht.alg.matching.blossom.v5.BlossomVState.<init>
jacoco_org_jgrapht_alg_util_PairTest,org.jgrapht.alg.matching.blossom.v5.BlossomVState.<init>
jacoco_org_jgrapht_generate_LinearizedChordDiagramGraphGeneratorTest,org.jgrapht.alg.matching.blossom.v5.BlossomVState.<init>
jacoco_org_jgrapht_alg_vertexcover_EdgeBasedTwoApproxVCImplTest,org.jgrapht.alg.matching.blossom.v5.BlossomVState.<init>
jacoco_org_jgrapht_alg_matching_GreedyWeightedMatchingTest,org.jgrapht.alg.matching.blossom.v5.BlossomVState.<init>
jacoco_org_jgrapht_alg_shortestpath_DijkstraShortestPathTest,org.jgrapht.alg.matching.blossom.v5.BlossomVState.<init>
jacoco_org_jgrapht_graph_AsUndirectedGraphTest,org.jgrapht.alg.matching.blossom.v5.BlossomVState.<init>
jacoco_org_jgrapht_graph_MaskVertexSetTest,org.jgrapht.alg.matching.blossom.v5.BlossomVState.<init>
jacoco_org_jgrapht_alg_densesubgraph_GoldbergMaximumDensitySubgraphAlgorithmNodeWeightsPerEdgeTest,org.jgrapht.alg.matching.blossom.v5.BlossomVState.<init>
jacoco_org_jgrapht_alg_lca_TarjanLCAFinderTest,org.jgrapht.alg.matching.blossom.v5.BlossomVState.<init>
jacoco_org_jgrapht_alg_cycle_ChordalGraphMinimalVertexSeparatorFinderTest,org.jgrapht.alg.matching.blossom.v5.BlossomVState.<init>
jacoco_org_jgrapht_alg_shortestpath_TreeSingleSourcePathsTest,org.jgrapht.alg.matching.blossom.v5.BlossomVState.<init>
jacoco_org_jgrapht_alg_isomorphism_IsomorphicGraphMappingTest,org.jgrapht.alg.matching.blossom.v5.BlossomVState.<init>
jacoco_org_jgrapht_alg_shortestpath_TreeMeasurerTest,org.jgrapht.alg.matching.blossom.v5.BlossomVState.<init>
jacoco_org_jgrapht_alg_shortestpath_ALTAdmissibleHeuristicTest,org.jgrapht.alg.matching.blossom.v5.BlossomVState.<init>
jacoco_org_jgrapht_alg_cycle_DirectedSimpleCyclesTest,org.jgrapht.alg.matching.blossom.v5.BlossomVState.<init>
jacoco_org_jgrapht_alg_lca_NaiveLCAFinderTest,org.jgrapht.alg.matching.blossom.v5.BlossomVState.<init>
jacoco_org_jgrapht_alg_matching_blossom_v5_BlossomVInitializerTest,org.jgrapht.alg.matching.blossom.v5.BlossomVState.<init>
jacoco_org_jgrapht_alg_scoring_AlphaCentralityTest,org.jgrapht.alg.matching.blossom.v5.BlossomVState.<init>
jacoco_org_jgrapht_graph_UnweightedGraphAsWeightedGraphTest,org.jgrapht.alg.matching.blossom.v5.BlossomVState.<init>
jacoco_org_jgrapht_alg_shortestpath_KShortestPathKValuesTest,org.jgrapht.alg.matching.blossom.v5.BlossomVState.<init>
jacoco_org_jgrapht_alg_scoring_PageRankTest,org.jgrapht.alg.matching.blossom.v5.BlossomVState.<init>
jacoco_org_jgrapht_generate_KleinbergSmallWorldGraphGeneratorTest,org.jgrapht.alg.matching.blossom.v5.BlossomVState.<init>
jacoco_org_jgrapht_alg_clustering_KSpanningTreeClusteringTest,org.jgrapht.alg.matching.blossom.v5.BlossomVState.<init>
jacoco_org_jgrapht_graph_builder_GraphBuilderTest,org.jgrapht.alg.matching.blossom.v5.BlossomVState.<init>
jacoco_org_jgrapht_alg_shortestpath_IntVertexDijkstraShortestPathTest,org.jgrapht.alg.matching.blossom.v5.BlossomVState.<init>
jacoco_org_jgrapht_alg_drawing_IndexedFRLayoutAlgorithm2DTest,org.jgrapht.alg.matching.blossom.v5.BlossomVState.<init>
jacoco_org_jgrapht_alg_matching_HopcroftKarpMaximumCardinalityBipartiteMatchingTest,org.jgrapht.alg.matching.blossom.v5.BlossomVState.<init>
jacoco_org_jgrapht_alg_color_ChordalGraphColoringTest,org.jgrapht.alg.matching.blossom.v5.BlossomVState.<init>
jacoco_org_jgrapht_generate_ComplementGraphGeneratorTest,org.jgrapht.alg.matching.blossom.v5.BlossomVState.<init>
jacoco_org_jgrapht_alg_shortestpath_DijkstraManyToManyShortestPathsTest,org.jgrapht.alg.matching.blossom.v5.BlossomVState.<init>
jacoco_org_jgrapht_alg_shortestpath_DijkstraClosestFirstIteratorTest,org.jgrapht.alg.matching.blossom.v5.BlossomVState.<init>
jacoco_org_jgrapht_generate_WindmillGraphsGeneratorTest,org.jgrapht.alg.matching.blossom.v5.BlossomVState.<init>
jacoco_org_jgrapht_GraphMetricsTest,org.jgrapht.alg.matching.blossom.v5.BlossomVState.<init>
jacoco_org_jgrapht_alg_shortestpath_BellmanFordShortestPathTest,org.jgrapht.alg.matching.blossom.v5.BlossomVState.<init>
jacoco_org_jgrapht_alg_flow_PadbergRaoOddMinimumCutsetTest,org.jgrapht.alg.matching.blossom.v5.BlossomVState.<init>
jacoco_org_jgrapht_alg_scoring_CorenessTest,org.jgrapht.alg.matching.blossom.v5.BlossomVState.<init>
jacoco_org_jgrapht_graph_MaskEdgeSetTest,org.jgrapht.alg.matching.blossom.v5.BlossomVState.<init>
jacoco_org_jgrapht_alg_transform_LineGraphConverterTest,org.jgrapht.alg.matching.blossom.v5.BlossomVState.<init>
jacoco_org_jgrapht_alg_drawing_model_Point2DTest,org.jgrapht.alg.matching.blossom.v5.BlossomVState.<init>
jacoco_org_jgrapht_alg_shortestpath_FloydWarshallPseudographsTest,org.jgrapht.alg.matching.blossom.v5.BlossomVState.<init>
jacoco_org_jgrapht_alg_shortestpath_MartinShortestPathTest,org.jgrapht.alg.matching.blossom.v5.BlossomVState.<init>
jacoco_org_jgrapht_alg_drawing_model_ListenableLayoutModel2DTest,org.jgrapht.alg.matching.blossom.v5.BlossomVState.<init>
jacoco_org_jgrapht_alg_spanning_KruskalMinimumSpanningTreeTest,org.jgrapht.alg.matching.blossom.v5.BlossomVState.<init>
jacoco_org_jgrapht_alg_shortestpath_FloydWarshallShortestPathsTest,org.jgrapht.alg.matching.blossom.v5.BlossomVState.<init>
jacoco_org_jgrapht_alg_planar_BoyerMyrvoldPlanarityInspectorTest,org.jgrapht.alg.matching.blossom.v5.BlossomVState.<init>
jacoco_org_jgrapht_alg_matching_SparseEdmondsMaximumCardinalityMatchingTest,org.jgrapht.alg.matching.blossom.v5.BlossomVState.<init>
jacoco_org_jgrapht_alg_lca_EulerTourRMQLCAFinderTest,org.jgrapht.alg.matching.blossom.v5.BlossomVState.<init>
jacoco_org_jgrapht_GraphsTest,org.jgrapht.alg.matching.blossom.v5.BlossomVState.<init>
jacoco_org_jgrapht_generate_GeneralizedPetersenGraphGeneratorTest,org.jgrapht.alg.matching.blossom.v5.BlossomVState.<init>
jacoco_org_jgrapht_alg_shortestpath_ListSingleSourcePathsTest,org.jgrapht.alg.matching.blossom.v5.BlossomVState.<init>
jacoco_org_jgrapht_alg_shortestpath_YenShortestPathIteratorTest,org.jgrapht.alg.matching.blossom.v5.BlossomVState.<init>
jacoco_org_jgrapht_alg_partition_BipartitePartitioningTest,org.jgrapht.alg.matching.blossom.v5.BlossomVState.<init>
jacoco_org_jgrapht_alg_scoring_ClosenessCentralityTest,org.jgrapht.alg.matching.blossom.v5.BlossomVState.<init>
jacoco_org_jgrapht_alg_clique_BronKerboschCliqueFinderTest,org.jgrapht.alg.matching.blossom.v5.BlossomVState.<init>
jacoco_org_jgrapht_alg_matching_DenseEdmondsMaximumCardinalityMatchingTest,org.jgrapht.alg.matching.blossom.v5.BlossomVState.<init>
jacoco_org_jgrapht_alg_TransitiveClosureTest,org.jgrapht.alg.matching.blossom.v5.BlossomVState.<init>
jacoco_org_jgrapht_alg_scoring_HarmonicCentralityTest,org.jgrapht.alg.matching.blossom.v5.BlossomVState.<init>
jacoco_org_jgrapht_alg_isomorphism_AHUForestIsomorphismInspectorTest,org.jgrapht.alg.matching.blossom.v5.BlossomVState.<init>
jacoco_org_jgrapht_alg_shortestpath_KSPPathValidatorTest,org.jgrapht.alg.matching.blossom.v5.BlossomVState.<init>
jacoco_org_jgrapht_graph_ListenableGraphTest,org.jgrapht.alg.matching.blossom.v5.BlossomVState.<init>
jacoco_org_jgrapht_alg_decomposition_DulmageMendelsohnDecompositionTest,org.jgrapht.alg.matching.blossom.v5.BlossomVState.<init>
jacoco_org_jgrapht_alg_shortestpath_KSPExampleTest,org.jgrapht.alg.matching.blossom.v5.BlossomVState.<init>
jacoco_org_jgrapht_alg_shortestpath_BidirectionalDijkstraShortestPathTest,org.jgrapht.alg.matching.blossom.v5.BlossomVState.<init>
jacoco_org_jgrapht_alg_cycle_ChordalityInspectorTest,org.jgrapht.alg.matching.blossom.v5.BlossomVState.<init>
jacoco_org_jgrapht_alg_connectivity_TreeDynamicConnectivityTest,org.jgrapht.alg.matching.blossom.v5.BlossomVState.<init>
jacoco_org_jgrapht_alg_shortestpath_AllPairsShortestPathsTest,org.jgrapht.alg.matching.blossom.v5.BlossomVState.<init>
jacoco_org_jgrapht_alg_StoerWagnerMinimumCutTest,org.jgrapht.alg.matching.blossom.v5.BlossomVState.<init>
jacoco_org_jgrapht_alg_isomorphism_VF2GraphIsomorphismInspectorTest,org.jgrapht.alg.matching.blossom.v5.BlossomVState.<init>
jacoco_org_jgrapht_alg_cycle_AhujaOrlinSharmaCyclicExchangeLocalAugmentationTest,org.jgrapht.alg.matching.blossom.v5.BlossomVState.<init>
jacoco_org_jgrapht_alg_matching_blossom_v5_BlossomVPrimalUpdaterTest,org.jgrapht.alg.matching.blossom.v5.BlossomVState.<init>
jacoco_org_jgrapht_alg_clustering_LabelPropagationClusteringTest,org.jgrapht.alg.matching.blossom.v5.BlossomVState.<init>
jacoco_org_jgrapht_generate_RandomRegularGraphGeneratorTest,org.jgrapht.alg.matching.blossom.v5.BlossomVState.<init>
jacoco_org_jgrapht_alg_spanning_AhujaOrlinSharmaCapacitatedMinimumSpanningTreeTest,org.jgrapht.alg.matching.blossom.v5.BlossomVState.<init>
jacoco_org_jgrapht_graph_SerializationTest,org.jgrapht.alg.matching.blossom.v5.BlossomVState.<init>
jacoco_org_jgrapht_graph_IncomingOutgoingEdgesTest,org.jgrapht.alg.matching.blossom.v5.BlossomVState.<init>
jacoco_org_jgrapht_alg_spanning_PrimMinimumSpanningTreeTest,org.jgrapht.alg.matching.blossom.v5.BlossomVState.<init>
jacoco_org_jgrapht_GraphTestsTest,org.jgrapht.alg.matching.blossom.v5.BlossomVState.<init>
jacoco_org_jgrapht_alg_densesubgraph_GoldbergMaximumDensitySubgraphAlgorithmTest,org.jgrapht.alg.matching.blossom.v5.BlossomVState.<init>
jacoco_org_jgrapht_graph_concurrent_AsSynchronizedGraphTest,org.jgrapht.alg.matching.blossom.v5.BlossomVState.<init>
jacoco_org_jgrapht_alg_cycle_CycleDetectorTest,org.jgrapht.alg.matching.blossom.v5.BlossomVState.<init>
jacoco_org_jgrapht_graph_EqualsAndHashCodeTest,org.jgrapht.alg.matching.blossom.v5.BlossomVState.<init>
jacoco_org_jgrapht_graph_DirectedAcyclicGraphTest,org.jgrapht.alg.matching.blossom.v5.BlossomVState.<init>
jacoco_org_jgrapht_alg_connectivity_ConnectivityInspectorTest,org.jgrapht.alg.matching.blossom.v5.BlossomVState.<init>
jacoco_org_jgrapht_graph_DirectedGraphTest,org.jgrapht.alg.matching.blossom.v5.BlossomVState.<init>
jacoco_org_jgrapht_alg_tour_ChristofidesThreeHalvesApproxMetricTSPTest,org.jgrapht.alg.matching.blossom.v5.BlossomVState.<init>
jacoco_org_jgrapht_alg_matching_blossom_v5_BlossomVStateTest,org.jgrapht.alg.matching.blossom.v5.BlossomVState.<init>
jacoco_org_jgrapht_alg_matching_NoHeuristicsPathGrowingWeightedMatchingTest,org.jgrapht.alg.matching.blossom.v5.BlossomVState.<init>
jacoco_org_jgrapht_alg_shortestpath_CHManyToManyShortestPathsTest,org.jgrapht.alg.matching.blossom.v5.BlossomVState.<init>
jacoco_org_jgrapht_generate_DirectedScaleFreeGraphGeneratorTest,org.jgrapht.alg.matching.blossom.v5.BlossomVState.<init>
jacoco_org_jgrapht_graph_MaskSubgraphTest,org.jgrapht.alg.matching.blossom.v5.BlossomVState.<init>
jacoco_org_jgrapht_alg_shortestpath_ContractionHierarchyPrecomputationTest,org.jgrapht.alg.matching.blossom.v5.BlossomVState.<init>
jacoco_org_jgrapht_alg_connectivity_BlockCutpointGraphTest,org.jgrapht.alg.matching.blossom.v5.BlossomVState.<init>
jacoco_org_jgrapht_alg_densesubgraph_GoldbergMaximumDensitySubgraphAlgorithmNodeWeightsTest,org.jgrapht.alg.matching.blossom.v5.BlossomVState.<init>
jacoco_org_jgrapht_graph_GenericGraphsTest,org.jgrapht.alg.matching.blossom.v5.BlossomVState.<init>
jacoco_org_jgrapht_alg_cycle_StackBFSFundamentalCycleBasisTest,org.jgrapht.alg.matching.blossom.v5.BlossomVState.<init>
jacoco_org_jgrapht_graph_WeightedGraphTest,org.jgrapht.alg.matching.blossom.v5.BlossomVState.<init>
jacoco_org_jgrapht_alg_color_LargestDegreeFirstColoringTest,org.jgrapht.alg.matching.blossom.v5.BlossomVState.<init>
jacoco_org_jgrapht_alg_cycle_PatonCycleBaseTest,org.jgrapht.alg.matching.blossom.v5.BlossomVState.<init>
jacoco_org_jgrapht_alg_scoring_BetweennessCentralityTest,org.jgrapht.alg.matching.blossom.v5.BlossomVState.<init>
jacoco_org_jgrapht_alg_spanning_EsauWilliamsCapacitatedMinimumSpanningTreeTest,org.jgrapht.alg.matching.blossom.v5.BlossomVState.<init>
jacoco_org_jgrapht_alg_clique_ChordalGraphMaxCliqueFinderTest,org.jgrapht.alg.matching.blossom.v5.BlossomVState.<init>
